rsID,observed,expected,model,trait,causal,observed_adjusted
rs6948782,3.202576e-30,6.19316685605371e-08,mvLMM,all,with effect,3.202576e-30
rs28788872,8.465234e-24,1.85795005681611e-07,mvLMM,all,with effect,8.465234e-24
5-7362997,3.824327e-17,1.30056503977128e-06,mvLMM,all,with effect,3.824327e-17
rs10953472,7.711818e-10,2.79311825208022e-05,mvLMM,all,with effect,7.711818e-10
rs6948782,1.392764e-18,6.19316685605371e-08,uvLMM,trait2,with effect,4.178292e-18
rs28788872,9.070022e-15,1.85795005681611e-07,uvLMM,trait2,with effect,2.7210066e-14
5-7362997,2.321156e-10,8.05111691286982e-07,uvLMM,trait2,with effect,6.963468e-10
