,sharedEffect1_5-7362997,sharedEffect2_rs6891963,sharedEffect3_rs347421,sharedEffect4_rs62461360,sharedEffect5_rs28788872,sharedEffect6_rs6948782,sharedEffect7_rs10953472,sharedEffect8_11-21798013,sharedEffect9_rs12576450,sharedEffect10_rs11216590
Trait_1,-0.200486070072339,-0.127111150461199,0.0877151912419139,-0.161370916282726,-0.241712110516961,0.230233628641577,-0.466319000531486,-0.202325890888045,0.0361480287122858,-0.0448698105723619
Trait_2,-0.359401716689492,-0.227866034132185,0.157242796473172,-0.28928186539265,-0.43330565277224,0.412728731445417,-0.835947601025209,-0.362699874807545,0.0648008291521147,-0.0804359472028181
Trait_3,-0.0880965324835118,-0.0558545119448005,0.0385433471350529,-0.0709087577160134,-0.106211861941991,0.101168047920242,-0.204907438023888,-0.0889049768517224,0.0158839763007862,-0.0197164557277761
